accession,sequence,ambiguous_il_sequence,strict_matching_target_accession,strict_matching_position,wildcard_matching_target_accession,wildcard_matching_position,matching_type
P13607-4,LNIPVSEVNPR,JNJPVSEVNPR,A0A0B4KGG8,626,,,strict
P13607-4,LNIPVSEVNPR,JNJPVSEVNPR,E1JIR4,626,,,strict
P13607-4,LNIPVSEVNPR,JNJPVSEVNPR,P13607,665,,,strict
P13607-4,EVSGDASEAALLK,EVSGDASEAAJJK,A0A0B4KGG8,424,,,strict
P13607-4,EVSGDASEAALLK,EVSGDASEAAJJK,E1JIR4,424,,,strict
P13607-4,EVSGDASEAALLK,EVSGDASEAAJJK,P13607,463,,,strict
P13607-4,VIMVTGDHPITAK,VJMVTGDHPJTAK,,,,,no_match
P13607-4,DVSSDQLDEILR,DVSSDQJDEJJR,A0A0B4KGG8,650,,,strict
P13607-4,DVSSDQLDEILR,DVSSDQJDEJJR,E1JIR4,650,,,strict
P13607-4,DVSSDQLDEILR,DVSSDQJDEJJR,P13607,689,,,strict
P13607-4,VIMVTGDHPITAK,VJMVTGDHPJTAK,E1JIR4,591,,,strict
P13607-4,VIMVTGDHPITAK,VJMVTGDHPJTAK,P13607,630,,,strict
P13607-4,VIMVTGDHPITAK,VJMVTGDHPJTAK,A8QI34,600,,,strict
P13607-4,VIMVTGDHPITAK,VJMVTGDHPJTAK,A0A0B4KGG8,591,,,strict
P13607-4,VDNSSLTGESEPQSR,VDNSSJTGESEPQSR,A0A0B4KGG8,191,,,strict
P13607-4,VDNSSLTGESEPQSR,VDNSSJTGESEPQSR,E1JIR4,191,,,strict
P13607-4,VDNSSLTGESEPQSR,VDNSSJTGESEPQSR,P13607,230,,,strict
P13607-4,IAGLASGLDTGETPIAK,JAGJASGJDTGETPJAK,A0A0B4KGG8,248,,,strict
P13607-4,IAGLASGLDTGETPIAK,JAGJASGJDTGETPJAK,E1JIR4,248,,,strict
P13607-4,IAGLASGLDTGETPIAK,JAGJASGJDTGETPJAK,P13607,287,,,strict
P13607-4,KADIGVAMGIAGSDVSK,KADJGVAMGJAGSDVSK,P13607,744,,,strict
P13607-4,KADIGVAMGIAGSDVSK,KADJGVAMGJAGSDVSK,E1JIR4,705,,,strict
P13607-4,KADIGVAMGIAGSDVSK,KADJGVAMGJAGSDVSK,A0A0B4KGG8,705,,,strict
P13607-4,SVGIISEGNETVEDIAQR,SVGJJSEGNETVEDJAQR,A0A0B4KGG8,608,,,strict
P13607-4,SVGIISEGNETVEDIAQR,SVGJJSEGNETVEDJAQR,E1JIR4,608,,,strict
P13607-4,SVGIISEGNETVEDIAQR,SVGJJSEGNETVEDJAQR,P13607,647,,,strict
P13607-4,AVNDLTDSYGQEWTYR,AVNDJTDSYGQEWTYR,A0A0B4KGG8,872,,,strict
P13607-4,AVNDLTDSYGQEWTYR,AVNDJTDSYGQEWTYR,E1JIR4,872,,,strict
P13607-4,AVNDLTDSYGQEWTYR,AVNDJTDSYGQEWTYR,P13607,911,,,strict
P13607-4,NLEAVETLGSTSTICSDK,NJEAVETJGSTSTJCSDK,P13607,377,,,strict
P13607-4,NLEAVETLGSTSTICSDK,NJEAVETJGSTSTJCSDK,A0A0B4KGG8,338,,,strict
P13607-4,NLEAVETLGSTSTICSDK,NJEAVETJGSTSTJCSDK,E1JIR4,338,,,strict
P13607-4,NLEAVETLGSTSTICSDK,NJEAVETJGSTSTJCSDK,A8QI34,348,,,strict
II_1458307,ELTMNIEDERR,EJTMNJEDERR,Q99323,1936,,,strict
II_1458307,ELTMNIEDERR,EJTMNJEDERR,Q59E58,1850,,,strict
II_1458307,ELTMNIEDERR,EJTMNJEDERR,A0A0B4K7Q4,1903,,,strict
II_1458307,ELTMNIEDERR,EJTMNJEDERR,Q59E59,1895,,,strict
II_1458307,ELTMNIEDERR,EJTMNJEDERR,A0A0B4JD57,1858,,,strict
II_1458307,ELTMNIEDERR,EJTMNJEDERR,A0A0B4JD95,1858,,,strict
II_1458307,AGVLAHLEEERDFK,AGVJAHJEEERDFK,Q99323,855,,,strict
II_1458307,AGVLAHLEEERDFK,AGVJAHJEEERDFK,Q59E59,814,,,strict
II_1458307,AGVLAHLEEERDFK,AGVJAHJEEERDFK,A0A0B4K7Q4,822,,,strict
II_1458307,AGVLAHLEEERDFK,AGVJAHJEEERDFK,Q59E58,769,,,strict
II_1458307,AGVLAHLEEERDFK,AGVJAHJEEERDFK,A0A0B4JD57,777,,,strict
II_1458307,AGVLAHLEEERDFK,AGVJAHJEEERDFK,A0A0B4JD95,777,,,strict
II_1458307,IKELTMNIEDERR,JKEJTMNJEDERR,A0A0B4JD57,1856,,,strict
II_1458307,IKELTMNIEDERR,JKEJTMNJEDERR,A0A0B4JD95,1856,,,strict
II_1458307,IKELTMNIEDERR,JKEJTMNJEDERR,A0A0B4K7Q4,1901,,,strict
II_1458307,IKELTMNIEDERR,JKEJTMNJEDERR,Q59E58,1848,,,strict
II_1458307,IKELTMNIEDERR,JKEJTMNJEDERR,Q59E59,1893,,,strict
II_1458307,IKELTMNIEDERR,JKEJTMNJEDERR,Q99323,1934,,,strict
II_1458307,YEEDLALTDDQNQK,YEEDJAJTDDQNQK,Q99323,1066,,,strict
II_1458307,YEEDLALTDDQNQK,YEEDJAJTDDQNQK,Q59E59,1025,,,strict
II_1458307,YEEDLALTDDQNQK,YEEDJAJTDDQNQK,A0A0B4K7Q4,1033,,,strict
II_1458307,YEEDLALTDDQNQK,YEEDJAJTDDQNQK,Q59E58,980,,,strict
II_1458307,YEEDLALTDDQNQK,YEEDJAJTDDQNQK,A0A0B4JD57,988,,,strict
II_1458307,YEEDLALTDDQNQK,YEEDJAJTDDQNQK,A0A0B4JD95,988,,,strict
II_1458307,AISEQIAQERDTAER,AJSEQJAQERDTAER,A0A0B4JD57,1467,,,strict
II_1458307,AISEQIAQERDTAER,AJSEQJAQERDTAER,A0A0B4JD95,1467,,,strict
II_1458307,AISEQIAQERDTAER,AJSEQJAQERDTAER,A0A0B4K7Q4,1512,,,strict
II_1458307,AISEQIAQERDTAER,AJSEQJAQERDTAER,Q59E58,1459,,,strict
II_1458307,AISEQIAQERDTAER,AJSEQJAQERDTAER,Q59E59,1504,,,strict
II_1458307,AISEQIAQERDTAER,AJSEQJAQERDTAER,Q99323,1545,,,strict
II_1458307,IANLEEQLENEGKER,JANJEEQJENEGKER,A0A0B4JD57,1828,,,strict
II_1458307,IANLEEQLENEGKER,JANJEEQJENEGKER,A0A0B4JD95,1828,,,strict
II_1458307,IANLEEQLENEGKER,JANJEEQJENEGKER,Q59E58,1820,,,strict
II_1458307,IANLEEQLENEGKER,JANJEEQJENEGKER,A0A0B4K7Q4,1873,,,strict
II_1458307,IANLEEQLENEGKER,JANJEEQJENEGKER,Q59E59,1865,,,strict
II_1458307,IANLEEQLENEGKER,JANJEEQJENEGKER,Q99323,1906,,,strict
II_1458307,AKGTLEAENADLATELR,AKGTJEAENADJATEJR,A0A0B4JD57,1230,,,strict
II_1458307,AKGTLEAENADLATELR,AKGTJEAENADJATEJR,A0A0B4JD95,1230,,,strict
II_1458307,AKGTLEAENADLATELR,AKGTJEAENADJATEJR,A0A0B4K7Q4,1275,,,strict
II_1458307,AKGTLEAENADLATELR,AKGTJEAENADJATEJR,Q59E58,1222,,,strict
II_1458307,AKGTLEAENADLATELR,AKGTJEAENADJATEJR,Q59E59,1267,,,strict
II_1458307,AKGTLEAENADLATELR,AKGTJEAENADJATEJR,Q99323,1308,,,strict
II_1458307,AQNEELEDDLQLTEDAK,AQNEEJEDDJQJTEDAK,Q99323,1629,,,strict
II_1458307,AQNEELEDDLQLTEDAK,AQNEEJEDDJQJTEDAK,Q59E58,1543,,,strict
II_1458307,AQNEELEDDLQLTEDAK,AQNEEJEDDJQJTEDAK,A0A0B4K7Q4,1596,,,strict
II_1458307,AQNEELEDDLQLTEDAK,AQNEEJEDDJQJTEDAK,Q59E59,1588,,,strict
II_1458307,AQNEELEDDLQLTEDAK,AQNEEJEDDJQJTEDAK,A0A0B4JD57,1551,,,strict
II_1458307,AQNEELEDDLQLTEDAK,AQNEEJEDDJQJTEDAK,A0A0B4JD95,1551,,,strict
II_1458307,ELESQLAEIQEDLEAEK,EJESQJAEJQEDJEAEK,Q99323,1198,,,strict
II_1458307,ELESQLAEIQEDLEAEK,EJESQJAEJQEDJEAEK,A0A0B4JD57,1120,,,strict
II_1458307,ELESQLAEIQEDLEAEK,EJESQJAEJQEDJEAEK,A0A0B4JD95,1120,,,strict
II_1458307,ELESQLAEIQEDLEAEK,EJESQJAEJQEDJEAEK,A0A0B4K7Q4,1165,,,strict
II_1458307,ELESQLAEIQEDLEAEK,EJESQJAEJQEDJEAEK,Q59E58,1112,,,strict
II_1458307,ELESQLAEIQEDLEAEK,EJESQJAEJQEDJEAEK,Q59E59,1157,,,strict
II_1458307,ALEAEVLQLTEDLASSER,AJEAEVJQJTEDJASSER,Q99323,1767,,,strict
II_1458307,ALEAEVLQLTEDLASSER,AJEAEVJQJTEDJASSER,A0A0B4JD57,1689,,,strict
II_1458307,ALEAEVLQLTEDLASSER,AJEAEVJQJTEDJASSER,A0A0B4JD95,1689,,,strict
II_1458307,ALEAEVLQLTEDLASSER,AJEAEVJQJTEDJASSER,A0A0B4K7Q4,1734,,,strict
II_1458307,ALEAEVLQLTEDLASSER,AJEAEVJQJTEDJASSER,Q59E58,1681,,,strict
II_1458307,ALEAEVLQLTEDLASSER,AJEAEVJQJTEDJASSER,Q59E59,1726,,,strict
II_1458307,LQQEAENITNQLEEAELK,JQQEAENJTNQJEEAEJK,Q99323,1368,,,strict
II_1458307,LQQEAENITNQLEEAELK,JQQEAENJTNQJEEAEJK,Q59E59,1327,,,strict
II_1458307,LQQEAENITNQLEEAELK,JQQEAENJTNQJEEAEJK,Q59E58,1282,,,strict
II_1458307,LQQEAENITNQLEEAELK,JQQEAENJTNQJEEAEJK,A0A0B4JD95,1290,,,strict
II_1458307,LQQEAENITNQLEEAELK,JQQEAENJTNQJEEAEJK,A0A0B4JD57,1290,,,strict
II_1458307,LQQEAENITNQLEEAELK,JQQEAENJTNQJEEAEJK,A0A0B4K7Q4,1335,,,strict
IP_5041704,NPNSVEDAYK,NPNSVEDAYK,,,,,no_match
IP_5041704,HQSYTLYGPIRR,HQSYTJYGPJRR,,,,,no_match
IP_5041704,FQQNNVEQQENSR,FQQNNVEQQENSR,,,,,no_match
IP_5041704,NPNSVEDAYKIIEDAR,NPNSVEDAYKJJEDAR,,,,,no_match
IP_5041704,NFGEKETSDVLMDMLK,NFGEKETSDVJMDMJK,,,,,no_match
IP_5041704,ILIHDDKTYTTLEVNR,JJJHDDKTYTTJEVNR,,,,,no_match
IP_5041704,TNFSNDNRNVNEPVVTER,TNFSNDNRNVNEPVVTER,,,,,no_match
IP_5041704,VESTIEEYYNKINEISNR,VESTJEEYYNKJNEJSNR,,,,,no_match
IP_5041704,SLDEANRFQQNNVEQQENSR,SJDEANRFQQNNVEQQENSR,,,,,no_match
IP_5039212,ALQEQALESQR,AJQEQAJESQR,,,,,no_match
IP_5039212,QAANAAYHMFR,QAANAAYHMFR,,,,,no_match
IP_5039212,NLTDVLFAAKPK,NJTDVJFAAKPK,,,,,no_match
IP_5039212,ENMPEPMDVDPSLSR,ENMPEPMDVDPSJSR,,,,,no_match
IP_5039212,ATMSYEASAATVLCEK,ATMSYEASAATVJCEK,,,,,no_match
IP_5039212,APPQAGSQGSAGKNPHFTK,APPQAGSQGSAGKNPHFTK,,,,,no_match
IP_5039212,DMPSALALAQEVESNHER,DMPSAJAJAQEVESNHER,,,,,no_match
IP_5039212,DMPSALALAQEVESNHER,DMPSAJAJAQEVESNHER,,,,,no_match
IP_5039212,LDFTYSDKRPIHVIEQELGTLR,JDFTYSDKRPJHVJEQEJGTJR,,,,,no_match
II_1415583,LDGYELEAR,JDGYEJEAR,Q9V496,1939,,,strict
II_1415583,LDGYELEAR,JDGYEJEAR,L0MPS3,1939,,,strict
II_1415583,NVQDLNLDVSLK,NVQDJNJDVSJK,Q9V496,725,,,strict
II_1415583,NVQDLNLDVSLK,NVQDJNJDVSJK,L0MPS3,725,,,strict
II_1415583,VIGTPDKTNSDFR,VJGTPDKTNSDFR,L0MPS3,1377,,,strict
II_1415583,VIGTPDKTNSDFR,VJGTPDKTNSDFR,Q9V496,1377,,,strict
II_1415583,TILSDLVDSTGDYVK,TJJSDJVDSTGDYVK,L0MPS3,302,,,strict
II_1415583,TILSDLVDSTGDYVK,TJJSDJVDSTGDYVK,Q9V496,302,,,strict
II_1415583,QTYVLNAQYGAQYVK,QTYVJNAQYGAQYVK,Q9V496,1787,,,strict
II_1415583,QTYVLNAQYGAQYVK,QTYVJNAQYGAQYVK,L0MPS3,1787,,,strict
II_1415583,GFSDVQVGVIVFEETK,GFSDVQVGVJVFEETK,L0MPS3,3092,,,strict
II_1415583,GFSDVQVGVIVFEETK,GFSDVQVGVJVFEETK,Q9V496,3092,,,strict
II_1415583,SLSGNTVAALSECASTGR,SJSGNTVAAJSECASTGR,L0MPS3,476,,,strict
II_1415583,SLSGNTVAALSECASTGR,SJSGNTVAAJSECASTGR,Q9V496,476,,,strict
II_1415583,SVDKETLNQAASQLLPNAPK,SVDKETJNQAASQJJPNAPK,L0MPS3,396,,,strict
II_1415583,SVDKETLNQAASQLLPNAPK,SVDKETJNQAASQJJPNAPK,Q9V496,396,,,strict
II_1415583,SGLSQGNIDAQLSDTPFGSNK,SGJSQGNJDAQJSDTPFGSNK,Q9V496,1554,,,strict
II_1415583,SGLSQGNIDAQLSDTPFGSNK,SGJSQGNJDAQJSDTPFGSNK,L0MPS3,1554,,,strict
IP_5034724,EAAGNLMSVKR,EAAGNJMSVKR,,,,,no_match
IP_5034724,LQEAGMSIEFDK,JQEAGMSJEFDK,,,,,no_match
IP_5034724,QILENLDAVYER,QJJENJDAVYER,,,,,no_match
IP_5034724,DKLGLLQDDQSNAE,DKJGJJQDDQSNAE,,,,,no_match
IP_5034724,QILENLDAVYERK,QJJENJDAVYERK,,,,,no_match
IP_5034724,VMNAIVHNNNNTYK,VMNAJVHNNNNTYK,,,,,no_match
IP_5034724,VVDGLMPNEVDDSWKK,VVDGJMPNEVDDSWKK,,,,,no_match
IP_5034724,VVDGLMPNEVDDSWKK,VVDGJMPNEVDDSWKK,,,,,no_match
IP_5036994,YQFALIYSK,YQFAJJYSK,,,,,no_match
IP_5036994,AIVESAVAGALAVQK,AJVESAVAGAJAVQK,,,,,no_match
IP_5036994,DYEGSSTFYQALGIMR,DYEGSSTFYQAJGJMR,,,,,no_match
IP_5036994,SLPDFDGKSETYVSWR,SJPDFDGKSETYVSWR,,,,,no_match
IP_5036994,QGDMTLTEFYDEVEKK,QGDMTJTEFYDEVEKK,,,,,no_match
IP_5036994,DLPTALALAQEVESNHER,DJPTAJAJAQEVESNHER,,,,,no_match
IP_5036994,TQNQFASQPQQQNTSQAQGHFGYAQASK,TQNQFASQPQQQNTSQAQGHFGYAQASK,,,,,no_match
Cont_P60712|ACTB_BOVIN,IIAPPERK,JJAPPERK,A0A0B4LH50,329,,,strict
Cont_P60712|ACTB_BOVIN,IIAPPERK,JJAPPERK,X2JCP8,329,,,strict
Cont_P60712|ACTB_BOVIN,IIAPPERK,JJAPPERK,P02574,329,,,strict
Cont_P60712|ACTB_BOVIN,IIAPPERK,JJAPPERK,P83967,329,,,strict
Cont_P60712|ACTB_BOVIN,IIAPPERK,JJAPPERK,M9PFZ6,329,,,strict
Cont_P60712|ACTB_BOVIN,IIAPPERK,JJAPPERK,P10981,329,,,strict
Cont_P60712|ACTB_BOVIN,IIAPPERK,JJAPPERK,P10987,329,,,strict
Cont_P60712|ACTB_BOVIN,IIAPPERK,JJAPPERK,P53501,329,,,strict
Cont_P60712|ACTB_BOVIN,IKIIAPPER,JKJJAPPER,P83967,327,,,strict
Cont_P60712|ACTB_BOVIN,IKIIAPPER,JKJJAPPER,P10987,327,,,strict
Cont_P60712|ACTB_BOVIN,IKIIAPPER,JKJJAPPER,X2JCP8,327,,,strict
Cont_P60712|ACTB_BOVIN,IKIIAPPER,JKJJAPPER,A0A0B4LH50,327,,,strict
Cont_P60712|ACTB_BOVIN,IKIIAPPER,JKJJAPPER,M9PFZ6,327,,,strict
Cont_P60712|ACTB_BOVIN,IKIIAPPER,JKJJAPPER,P53501,327,,,strict
Cont_P60712|ACTB_BOVIN,IKIIAPPER,JKJJAPPER,P02574,327,,,strict
Cont_P60712|ACTB_BOVIN,IKIIAPPER,JKJJAPPER,P10981,327,,,strict
Cont_P60712|ACTB_BOVIN,EITALAPSTMK,EJTAJAPSTMK,X2JCP8,316,,,strict
Cont_P60712|ACTB_BOVIN,EITALAPSTMK,EJTAJAPSTMK,P02572,316,,,strict
Cont_P60712|ACTB_BOVIN,EITALAPSTMK,EJTAJAPSTMK,P10987,316,,,strict
Cont_P60712|ACTB_BOVIN,AVFPSIVGRPR,AVFPSJVGRPR,P02572,29,,,strict
Cont_P60712|ACTB_BOVIN,AVFPSIVGRPR,AVFPSJVGRPR,P02574,29,,,strict
Cont_P60712|ACTB_BOVIN,AVFPSIVGRPR,AVFPSJVGRPR,P10981,29,,,strict
Cont_P60712|ACTB_BOVIN,AVFPSIVGRPR,AVFPSJVGRPR,P53501,29,,,strict
Cont_P60712|ACTB_BOVIN,AVFPSIVGRPR,AVFPSJVGRPR,P83967,29,,,strict
Cont_P60712|ACTB_BOVIN,AVFPSIVGRPR,AVFPSJVGRPR,X2JCP8,29,,,strict
Cont_P60712|ACTB_BOVIN,AVFPSIVGRPR,AVFPSJVGRPR,P45891,34,,,strict
Cont_P60712|ACTB_BOVIN,AVFPSIVGRPR,AVFPSJVGRPR,A0A0B4LH50,29,,,strict
Cont_P60712|ACTB_BOVIN,AVFPSIVGRPR,AVFPSJVGRPR,M9PFZ6,29,,,strict
Cont_P60712|ACTB_BOVIN,AVFPSIVGRPR,AVFPSJVGRPR,P10987,29,,,strict
Cont_P60712|ACTB_BOVIN,GYSFTTTAEREIVR,GYSFTTTAEREJVR,M9PFZ6,197,,,strict
Cont_P60712|ACTB_BOVIN,GYSFTTTAEREIVR,GYSFTTTAEREJVR,P02574,197,,,strict
Cont_P60712|ACTB_BOVIN,GYSFTTTAEREIVR,GYSFTTTAEREJVR,A0A0B4LH50,197,,,strict
Cont_P60712|ACTB_BOVIN,GYSFTTTAEREIVR,GYSFTTTAEREJVR,P02572,197,,,strict
Cont_P60712|ACTB_BOVIN,GYSFTTTAEREIVR,GYSFTTTAEREJVR,P83967,197,,,strict
Cont_P60712|ACTB_BOVIN,GYSFTTTAEREIVR,GYSFTTTAEREJVR,X2JCP8,197,,,strict
Cont_P60712|ACTB_BOVIN,GYSFTTTAEREIVR,GYSFTTTAEREJVR,P10981,197,,,strict
Cont_P60712|ACTB_BOVIN,GYSFTTTAEREIVR,GYSFTTTAEREJVR,P10987,197,,,strict
Cont_P60712|ACTB_BOVIN,GYSFTTTAEREIVR,GYSFTTTAEREJVR,P53501,197,,,strict
Cont_P60712|ACTB_BOVIN,DDDIAALVVDNGSGMCK,DDDJAAJVVDNGSGMCK,,,,,no_match
Cont_P60712|ACTB_BOVIN,VAPEEHPVLLTEAPLNPK,VAPEEHPVJJTEAPJNPK,P10981,96,,,strict
Cont_P60712|ACTB_BOVIN,VAPEEHPVLLTEAPLNPK,VAPEEHPVJJTEAPJNPK,P10987,96,,,strict
Cont_P60712|ACTB_BOVIN,VAPEEHPVLLTEAPLNPK,VAPEEHPVJJTEAPJNPK,P53501,96,,,strict
Cont_P60712|ACTB_BOVIN,VAPEEHPVLLTEAPLNPK,VAPEEHPVJJTEAPJNPK,P83967,96,,,strict
Cont_P60712|ACTB_BOVIN,VAPEEHPVLLTEAPLNPK,VAPEEHPVJJTEAPJNPK,X2JCP8,96,,,strict
Cont_P60712|ACTB_BOVIN,VAPEEHPVLLTEAPLNPK,VAPEEHPVJJTEAPJNPK,A0A0B4LH50,96,,,strict
Cont_P60712|ACTB_BOVIN,VAPEEHPVLLTEAPLNPK,VAPEEHPVJJTEAPJNPK,M9PFZ6,96,,,strict
Cont_P60712|ACTB_BOVIN,VAPEEHPVLLTEAPLNPK,VAPEEHPVJJTEAPJNPK,P02574,96,,,strict
Cont_P60712|ACTB_BOVIN,VAPEEHPVLLTEAPLNPK,VAPEEHPVJJTEAPJNPK,P02572,96,,,strict
Cont_P60712|ACTB_BOVIN,KDLYANTVLSGGTTMYPGIADR,KDJYANTVJSGGTTMYPGJADR,P02572,291,,,strict
Cont_P60712|ACTB_BOVIN,KDLYANTVLSGGTTMYPGIADR,KDJYANTVJSGGTTMYPGJADR,P10987,291,,,strict
Cont_P60712|ACTB_BOVIN,KDLYANTVLSGGTTMYPGIADR,KDJYANTVJSGGTTMYPGJADR,X2JCP8,291,,,strict
IP_5038511,VLALHYADKR,VJAJHYADKR,,,,,no_match
IP_5038511,QEAYLSWINR,QEAYJSWJNR,,,,,no_match
IP_5038511,EVVNALIETYRDK,EVVNAJJETYRDK,,,,,no_match
IP_5038511,GNADPTVDQPQPLVR,GNADPTVDQPQPJVR,,,,,no_match
IP_5038511,ALSESLNALTNVVTGIKEDIKK,AJSESJNAJTNVVTGJKEDJKK,,,,,no_match
IP_5038511,GHADMALAAYGVQDDDWDDIKR,GHADMAJAAYGVQDDDWDDJKR,,,,,no_match
IP_5038511,LAILEQERGNADPTVDQPQPLVR,JAJJEQERGNADPTVDQPQPJVR,,,,,no_match
IP_5038511,IRGHADMALAAYGVQDDDWDDIKR,JRGHADMAJAAYGVQDDDWDDJKR,,,,,no_match
IP_5042234,FSFENEDTIAEK,FSFENEDTJAEK,,,,,no_match
IP_5042234,TNEIHEAVAASGLK,TNEJHEAVAASGJK,,,,,no_match
IP_5042234,TNEIHEAVAASGLKR,TNEJHEAVAASGJKR,,,,,no_match
IP_5042234,LQIIELVTNKVDKK,JQJJEJVTNKVDKK,,,,,no_match
IP_5042234,FSFENEDTIAEKDK,FSFENEDTJAEKDK,,,,,no_match
IP_5042234,NNNDEFLQNLNSMEDK,NNNDEFJQNJNSMEDK,,,,,no_match
IP_5037923,LAQLQENYLR,JAQJQENYJR,,,,,no_match
IP_5037923,QAWAQCAESEEK,QAWAQCAESEEK,,,,,no_match
IP_5037923,CTSCQQNHQLFK,CTSCQQNHQJFK,,,,,no_match
IP_5037923,DVTSNSIDATVQAAGTPQR,DVTSNSJDATVQAAGTPQR,,,,,no_match
IP_5037923,DRPAVSHAGSTIGHNQPLAR,DRPAVSHAGSTJGHNQPJAR,,,,,no_match
II_1406041,YFAESVRPGNER,YFAESVRPGNER,X2JD55,351,,,strict
II_1406041,YFAESVRPGNER,YFAESVRPGNER,P02843,351,,,strict
II_1406041,YFAESVRPGNER,YFAESVRPGNER,P02844,352,,,strict
II_1406041,YFAESVRPGNER,YFAESVRPGNER,X2JB25,352,,,strict
II_1406041,NFPSVAASSYQEYKQNK,NFPSVAASSYQEYKQNK,P02844,364,,,strict
II_1406041,NFPSVAASSYQEYKQNK,NFPSVAASSYQEYKQNK,X2JB25,364,,,strict
II_1406041,GDADFVDAIHTSAYGMGTSQR,GDADFVDAJHTSAYGMGTSQR,,,,,no_match
II_1406041,GDADFVDAIHTSAYGMGTSQR,GDADFVDAJHTSAYGMGTSQR,P02844,301,,,strict
II_1406041,GDADFVDAIHTSAYGMGTSQR,GDADFVDAJHTSAYGMGTSQR,X2JB25,301,,,strict
II_1406041,YNLQPYETTDYSNEEQSQR,YNJQPYETTDYSNEEQSQR,X2JB25,161,,,strict
II_1406041,YNLQPYETTDYSNEEQSQR,YNJQPYETTDYSNEEQSQR,P02844,161,,,strict
IP_5033896,ENTTFHSPQR,ENTTFHSPQR,,,,,no_match
IP_5033896,SSLQFQEQQQPEQSK,SSJQFQEQQQPEQSK,,,,,no_match
IP_5033896,ATVSSVIQTAQFTQAGATK,ATVSSVJQTAQFTQAGATK,,,,,no_match
IP_5033896,ESTETGSERETNMFELQQLR,ESTETGSERETNMFEJQQJR,,,,,no_match
II_1421069,ALQASVLR,AJQASVJR,A4V3G1,303,,,strict
II_1421069,ALQASVLR,AJQASVJR,C8VV14,303,,,strict
II_1421069,ALQASVLR,AJQASVJR,F3YDE2,303,,,strict
II_1421069,ALQASVLR,AJQASVJR,P07764,303,,,strict
II_1421069,LQDIGVENTEDNRR,JQDJGVENTEDNRR,P07764,43,,,strict
II_1421069,LQDIGVENTEDNRR,JQDJGVENTEDNRR,A4V3G1,43,,,strict
II_1421069,LQDIGVENTEDNRR,JQDJGVENTEDNRR,F3YDE2,43,,,strict
II_1421069,LQDIGVENTEDNRR,JQDJGVENTEDNRR,C8VV14,43,,,strict
II_1421069,NTPSYQSILENANVLAR,NTPSYQSJJENANVJAR,F3YDE2,156,,,strict
II_1421069,NTPSYQSILENANVLAR,NTPSYQSJJENANVJAR,C8VV14,156,,,strict
II_1421069,NTPSYQSILENANVLAR,NTPSYQSJJENANVJAR,A4V3G1,156,,,strict
II_1421069,NTPSYQSILENANVLAR,NTPSYQSJJENANVJAR,P07764,156,,,strict
II_1421069,GVVPLFGSEDEVTTQGLDDLAAR,GVVPJFGSEDEVTTQGJDDJAAR,P07764,111,,,strict
II_1421069,GVVPLFGSEDEVTTQGLDDLAAR,GVVPJFGSEDEVTTQGJDDJAAR,A4V3G1,111,,,strict
II_1421069,GVVPLFGSEDEVTTQGLDDLAAR,GVVPJFGSEDEVTTQGJDDJAAR,F3YDE2,111,,,strict
II_1421069,GVVPLFGSEDEVTTQGLDDLAAR,GVVPJFGSEDEVTTQGJDDJAAR,C8VV14,111,,,strict
II_1473854,AIGVKPPR,AJGVKPPR,A0A0B4LFZ4,253,,,strict
II_1473854,AIGVKPPR,AJGVKPPR,Q7KN62,228,,,strict
II_1473854,YEMFAQTLQQSR,YEMFAQTJQQSR,A0A0B4LFZ4,776,,,strict
II_1473854,YEMFAQTLQQSR,YEMFAQTJQQSR,Q7KN62,752,,,strict
II_1473854,KYEMFAQTLQQSR,KYEMFAQTJQQSR,A0A0B4LFZ4,775,,,strict
II_1473854,KYEMFAQTLQQSR,KYEMFAQTJQQSR,Q7KN62,751,,,strict
II_1473854,VTQGFSGADLTEICQR,VTQGFSGADJTEJCQR,Q7KN62,674,,,strict
II_1473854,VTQGFSGADLTEICQR,VTQGFSGADJTEJCQR,A0A0B4LFZ4,699,,,strict
Cont_P00761|TRYP_PIG,VATVSLPR,VATVSJPR,,,,,no_match
Cont_P00761|TRYP_PIG,LSSPATLNSR,JSSPATJNSR,,,,,no_match
Cont_P00761|TRYP_PIG,LGEHNIDVLEGNEQFINAAK,JGEHNJDVJEGNEQFJNAAK,,,,,no_match
II_1491341,IATAVEKK,JATAVEKK,P15007,395,,,strict
II_1491341,IATAVEKK,JATAVEKK,E1JHR5,328,,,strict
II_1491341,AAVPSGASTGVHEALELR,AAVPSGASTGVHEAJEJR,P15007,99,,,strict
II_1491341,AAVPSGASTGVHEALELR,AAVPSGASTGVHEAJEJR,E1JHR5,32,,,strict
II_1491341,AAVPSGASTGVHEALELRDNDKANYHGK,AAVPSGASTGVHEAJEJRDNDKANYHGK,P15007,99,,,strict
II_1491341,AAVPSGASTGVHEALELRDNDKANYHGK,AAVPSGASTGVHEAJEJRDNDKANYHGK,E1JHR5,32,,,strict
II_1474965,ISSELFAR,JSSEJFAR,A1Z784,417,,,strict
II_1474965,ISSELFAR,JSSEJFAR,Q7JV23,258,,,strict
II_1474965,ISSELFAR,JSSEJFAR,A8DY67,283,,,strict
II_1474965,VLEAVEAADSISDSR,VJEAVEAADSJSDSR,A1Z784,1388,,,strict
II_1474965,VLEAVEAADSISDSR,VJEAVEAADSJSDSR,A8DY67,1254,,,strict
II_1474965,VLEAVEAADSISDSR,VJEAVEAADSJSDSR,Q7JV23,1229,,,strict
II_1474965,NNSSVIAATATATTTSSKPPIAPAAPPSAVK,NNSSVJAATATATTTSSKPPJAPAAPPSAVK,,,,,no_match
Cont_P02769|ALBU_BOVIN,MPCTEDYLSLILNR,MPCTEDYJSJJJNR,,,,,no_match
Cont_P02769|ALBU_BOVIN,CCAADDKEACFAVEGPK,CCAADDKEACFAVEGPK,,,,,no_match
Cont_P02769|ALBU_BOVIN,VHKECCHGDLLECADDR,VHKECCHGDJJECADDR,,,,,no_match
Cont_P04264|K2C1_HUMAN,TNAENEFVTIK,TNAENEFVTJK,,,,,no_match
Cont_P04264|K2C1_HUMAN,SGGGFSSGSAGIINYQR,SGGGFSSGSAGJJNYQR,,,,,no_match
Cont_P04264|K2C1_HUMAN,FSSCGGGGGSFGAGGGFGSR,FSSCGGGGGSFGAGGGFGSR,,,,,no_match
II_1422437,DDYKRDEVR,DDYKRDEVR,Q8IMV6,734,,,strict
II_1422437,IEEERLQEER,JEEERJQEER,Q8IMV6,558,,,strict
II_1422437,STGYQGQSGGGGAGGMYGASR,STGYQGQSGGGGAGGMYGASR,Q8IMV6,894,,,strict
IP_5036169,NVQSENSQTPLSDQQ,NVQSENSQTPJSDQQ,,,,,no_match
IP_5036169,GKTASQYVTEIDSMRK,GKTASQYVTEJDSMRK,,,,,no_match
IP_5036169,QLEAAYIDGGLDADNADKFATK,QJEAAYJDGGJDADNADKFATK,,,,,no_match
II_1449877,VVAPTLHNAACR,VVAPTJHNAACR,M9PEJ8,739,,,strict
II_1449877,VVAPTLHNAACR,VVAPTJHNAACR,Q9VSL8,739,,,strict
II_1449877,VVAPTLHNAACR,VVAPTJHNAACR,M9NDM3,739,,,strict
II_1449877,VVAPTLHNAACR,VVAPTJHNAACR,M9PBW9,718,,,strict
II_1449877,TLQGASNPEALTQAGR,TJQGASNPEAJTQAGR,Q9VSL8,1185,,,strict
II_1449877,TLQGASNPEALTQAGR,TJQGASNPEAJTQAGR,M9PEJ8,1185,,,strict
II_1449877,TLQGASNPEALTQAGR,TJQGASNPEAJTQAGR,M9NDM3,1185,,,strict
II_1449877,TLQGASNPEALTQAGR,TJQGASNPEAJTQAGR,M9PBW9,1164,,,strict
II_1449877,SVSSMIQSSAGGARPNDAGAQK,SVSSMJQSSAGGARPNDAGAQK,M9PEJ8,1935,,,strict
II_1449877,SVSSMIQSSAGGARPNDAGAQK,SVSSMJQSSAGGARPNDAGAQK,M9PBW9,1914,,,strict
II_1449877,SVSSMIQSSAGGARPNDAGAQK,SVSSMJQSSAGGARPNDAGAQK,Q9VSL8,1935,,,strict
II_1449877,SVSSMIQSSAGGARPNDAGAQK,SVSSMJQSSAGGARPNDAGAQK,M9NDM3,1935,,,strict
II_1427132,IAGEWMK,JAGEWMK,A0A0B4KGN2,712,,,strict
II_1427132,IAGEWMK,JAGEWMK,P91928,705,,,strict
II_1427132,IAGEWMK,JAGEWMK,A0A0B4KHL7,705,,,strict
II_1427132,VALQEEPPFK,VAJQEEPPFK,A0A0B4KHL7,113,,,strict
II_1427132,VALQEEPPFK,VAJQEEPPFK,A0A0B4KGN2,113,,,strict
II_1427132,VALQEEPPFK,VAJQEEPPFK,P91928,113,,,strict
II_1427132,AQLEYHLEAERR,AQJEYHJEAERR,P91928,434,,,strict
II_1427132,AQLEYHLEAERR,AQJEYHJEAERR,A0A0B4KGN2,434,,,strict
II_1427132,AQLEYHLEAERR,AQJEYHJEAERR,A0A0B4KHL7,434,,,strict
IP_5034651,ASVKGESPDVIK,ASVKGESPDVJK,,,,,no_match
IP_5034651,TAAQYTTEIENLR,TAAQYTTEJENJR,,,,,no_match
IP_5034651,GKTAAQYTTEIENLR,GKTAAQYTTEJENJR,,,,,no_match
II_1476102,AFIESNFK,AFJESNFK,Q8MSI2,103,,,strict
II_1476102,AFETLLNDEDRKR,AFETJJNDEDRKR,Q8MSI2,144,,,strict
IP_5033932,AQFPQTTHFR,AQFPQTTHFR,,,,,no_match
IP_5033932,QNQNNSELNENFR,QNQNNSEJNENFR,,,,,no_match
IP_5033932,SQPIIALSDINLAEAR,SQPJJAJSDJNJAEAR,,,,,no_match
IP_5034136,ELVQVLITR,EJVQVJJTR,,,,,no_match
IP_5034136,NIQVNEDDNEATK,NJQVNEDDNEATK,,,,,no_match
II_1416400,VVDPFSR,VVDPFSR,P55830,20,,,strict
II_1416400,APNMFQTR,APNMFQTR,P55830,34,,,strict
Cont_P81948|TBA4A_BOVIN,LSVDYGKK,JSVDYGKK,P06603,156,,,strict
Cont_P81948|TBA4A_BOVIN,LSVDYGKK,JSVDYGKK,P06605,156,,,strict
Cont_P81948|TBA4A_BOVIN,LSVDYGKK,JSVDYGKK,P06604,156,,,strict
Cont_P81948|TBA4A_BOVIN,QLFHPEQLITGKEDAANNYAR,QJFHPEQJJTGKEDAANNYAR,P06605,84,,,strict
Cont_P81948|TBA4A_BOVIN,QLFHPEQLITGKEDAANNYAR,QJFHPEQJJTGKEDAANNYAR,P06604,84,,,strict
Cont_P81948|TBA4A_BOVIN,QLFHPEQLITGKEDAANNYAR,QJFHPEQJJTGKEDAANNYAR,P06603,84,,,strict
IP_1415207,YGGYLVHSEHR,YGGYJVHSEHR,,,,,no_match
IP_1415207,KYGGYLVHSEHR,KYGGYJVHSEHR,,,,,no_match
IP_1429231,VGTNASAIQPGR,VGTNASAJQPGR,,,,,no_match
IP_1429231,AFSVEAQTSQARPK,AFSVEAQTSQARPK,,,,,no_match
IP_5036621,NSEVSNDNLQK,NSEVSNDNJQK,,,,,no_match
IP_5036621,ETGPITDVFEAER,ETGPJTDVFEAER,,,,,no_match
IP_5039823,LAAINQQLR,JAAJNQQJR,,,,,no_match
IP_5039823,EVIEVDPSAGPKPLTIQEYK,EVJEVDPSAGPKPJTJQEYK,,,,,no_match
II_1439147,SLGDDGAPLLESR,SJGDDGAPJJESR,Q07171,664,,,strict
II_1439147,SLGDDGAPLLESR,SJGDDGAPJJESR,A0A0C4DHG2,664,,,strict
II_1439147,SLGDDGAPLLESR,SJGDDGAPJJESR,A0A0C4DHG6,606,,,strict
II_1439147,IENFEPVIYPK,JENFEPVJYPK,A0A0C4DHG2,76,,,strict
II_1439147,IENFEPVIYPK,JENFEPVJYPK,Q07171,76,,,strict
II_1439147,IENFEPVIYPK,JENFEPVJYPK,A0A0C4DHG6,18,,,strict
IP_1396854,MSHASFPQLR,MSHASFPQJR,P22465,198,,,strict
IP_1396854,AMNGAGTDDATLIR,AMNGAGTDDATJJR,P22465,258,,,strict
II_1400926,GGGGGGGGGGGNVQPR,GGGGGGGGGGGNVQPR,M9PH94,215,,,strict
II_1400926,GGGGGGGGGGGNVQPR,GGGGGGGGGGGNVQPR,Q27294,259,,,strict
IP_5037712,ILGQNTEGTKAELIAR,JJGQNTEGTKAEJJAR,,,,,no_match
Cont_Q29443|TRFE_BOVIN,DKPDNFQLFQSPHGK,DKPDNFQJFQSPHGK,,,,,no_match
II_1442082,AAAALEENER,AAAAJEENER,P41073,534,,,strict
II_1442082,AAAALEENER,AAAAJEENER,M9NG39,511,,,strict
II_1455537,NIAPTQEGVLPNCQIK,NJAPTQEGVJPNCQJK,M9PE65,1513,,,strict
IP_5034901,SWSEETASPTPLLSQR,SWSEETASPTPJJSQR,,,,,no_match
II_1490891,TGFIETLR,TGFJETJR,Q9VMT2,21,,,strict
II_1490891,TGFIETLR,TGFJETJR,X2JD70,15,,,strict
II_1443567,LGSTASTATTSESK,JGSTASTATTSESK,A0A6M3Q790,242,,,strict
II_1443567,LGSTASTATTSESK,JGSTASTATTSESK,A0A6M3QGN9,397,,,strict
II_1443567,LGSTASTATTSESK,JGSTASTATTSESK,A8JNT4,829,,,strict
II_1443567,LGSTASTATTSESK,JGSTASTATTSESK,A8JNT5,699,,,strict
II_1443567,LGSTASTATTSESK,JGSTASTATTSESK,A8JNT6,242,,,strict
II_1443567,LGSTASTATTSESK,JGSTASTATTSESK,M9NDA1,1105,,,strict
II_1443567,LGSTASTATTSESK,JGSTASTATTSESK,M9NDS8,1149,,,strict
II_1443567,LGSTASTATTSESK,JGSTASTATTSESK,M9NEB2,1148,,,strict
II_1443567,LGSTASTATTSESK,JGSTASTATTSESK,A0A6M3Q913,397,,,strict
II_1443567,LGSTASTATTSESK,JGSTASTATTSESK,M9PCQ3,976,,,strict
II_1443567,LGSTASTATTSESK,JGSTASTATTSESK,Q8IQN4,1019,,,strict
II_1443567,LGSTASTATTSESK,JGSTASTATTSESK,Q8MV37,976,,,strict
II_1443567,LGSTASTATTSESK,JGSTASTATTSESK,Q9VUX6,764,,,strict
II_1443567,LGSTASTATTSESK,JGSTASTATTSESK,A0A6M3Q6S9,976,,,strict
II_1443567,LGSTASTATTSESK,JGSTASTATTSESK,A0A6M3Q7U2,397,,,strict
II_1443567,LGSTASTATTSESK,JGSTASTATTSESK,M9NFF6,1147,,,strict
II_1443567,LGSTASTATTSESK,JGSTASTATTSESK,Q9VUX7,242,,,strict
II_1450596,VIGSGTNLDSSR,VJGSGTNJDSSR,B5RJQ0,157,,,strict
II_1450596,VIGSGTNLDSSR,VJGSGTNJDSSR,Q95028,157,,,strict
II_1442699,IGPGTHNNPSVADFR,JGPGTHNNPSVADFR,Q9VVC3,267,,,strict
II_1442699,IGPGTHNNPSVADFR,JGPGTHNNPSVADFR,A8MZR4,167,,,strict
II_1442737,ESEVQISEVEVDATIEER,ESEVQJSEVEVDATJEER,Q9VVB7,28,,,strict
IP_1419439,IQSQVNDTQFNDQYDEV,JQSQVNDTQFNDQYDEV,,,,,no_match
II_1455063,ASGSVEEDIEEMRAEER,ASGSVEEDJEEMRAEER,X2JBV9,233,,,strict
II_1455063,ASGSVEEDIEEMRAEER,ASGSVEEDJEEMRAEER,A0A0S0WFC8,233,,,strict
II_1455063,ASGSVEEDIEEMRAEER,ASGSVEEDJEEMRAEER,Q8IRI6,233,,,strict
II_1455063,ASGSVEEDIEEMRAEER,ASGSVEEDJEEMRAEER,X2JG36,233,,,strict
Cont_P12763|FETUA_BOVIN,QDGQFSVLFTK,QDGQFSVJFTK,,,,,no_match
II_1427880,VLSGESQPATNKR,VJSGESQPATNKR,,,,,no_match
II_1441543,FIGGGTDIKR,FJGGGTDJKR,Q9VVT6,92,,,strict
IP_5034162,INTPDQASPSLHTLQVR,JNTPDQASPSJHTJQVR,,,,,no_match
IP_5034372,SFNQNTNQSNNIR,SFNQNTNQSNNJR,,,,,no_match
Cont_P68103|EF1A1_BOVIN,IGGIGTVPVGR,JGGJGTVPVGR,P05303,255,,,strict
Cont_P68103|EF1A1_BOVIN,IGGIGTVPVGR,JGGJGTVPVGR,P08736,255,,,strict
Cont_P68103|EF1A1_BOVIN,IGGIGTVPVGR,JGGJGTVPVGR,A4V3Q6,255,,,strict
IP_5036672,GKTATQFTAEVDSLRK,GKTATQFTAEVDSJRK,,,,,no_match
Cont_P13645|K1C10_HUMAN,SGGGGGGGGCGGGGGVSSLR,SGGGGGGGGCGGGGGVSSJR,,,,,no_match
II_1421937,IVDIQFNFNDGRK,JVDJQFNFNDGRK,Q960D3,284,,,strict
II_1421937,IVDIQFNFNDGRK,JVDJQFNFNDGRK,Q9VBX3,315,,,strict
II_1421937,IVDIQFNFNDGRK,JVDJQFNFNDGRK,D2A6L8,284,,,strict
Cont_P35527|K1C9_HUMAN,SGGGGGGGLGSGGSIR,SGGGGGGGJGSGGSJR,,,,,no_match
II_1486770,LLTTTQQLTQDGSEFR,JJTTTQQJTQDGSEFR,B7Z029,618,,,strict
II_1486770,LLTTTQQLTQDGSEFR,JJTTTQQJTQDGSEFR,M9PB53,624,,,strict
II_1486770,LLTTTQQLTQDGSEFR,JJTTTQQJTQDGSEFR,Q8IPJ4,636,,,strict
II_1486770,LLTTTQQLTQDGSEFR,JJTTTQQJTQDGSEFR,Q9VM99,624,,,strict
II_1486770,LLTTTQQLTQDGSEFR,JJTTTQQJTQDGSEFR,A8DYW5,618,,,strict
II_1486770,LLTTTQQLTQDGSEFR,JJTTTQQJTQDGSEFR,D5SHT8,531,,,strict
II_1421108,IFAYEVLSR,JFAYEVJSR,Q9VBG7,134,,,strict
II_1414586,STGGAVGSYQSK,STGGAVGSYQSK,Q960D4,20,,,strict
Cont_P00978|AMBP_BOVIN,TVEACNLPIVQGPCR,TVEACNJPJVQGPCR,,,,,no_match
II_1478246,QRLEDQITER,QRJEDQJTER,Q8INU9,69,,,strict
II_1449839,AELDDNEDVGPR,AEJDDNEDVGPR,M9ND64,1017,,,strict
II_1449839,AELDDNEDVGPR,AEJDDNEDVGPR,M9PHT9,1574,,,strict
II_1449839,AELDDNEDVGPR,AEJDDNEDVGPR,M9PET1,1605,,,strict
II_1449839,AELDDNEDVGPR,AEJDDNEDVGPR,M9PBX1,1569,,,strict
II_1449839,AELDDNEDVGPR,AEJDDNEDVGPR,M9NFP8,1600,,,strict
II_1449839,AELDDNEDVGPR,AEJDDNEDVGPR,M9NF47,1569,,,strict
II_1449839,AELDDNEDVGPR,AEJDDNEDVGPR,M9NE59,1515,,,strict
II_1449839,AELDDNEDVGPR,AEJDDNEDVGPR,E1JI71,1569,,,strict
II_1449839,AELDDNEDVGPR,AEJDDNEDVGPR,Q9VSM0,1600,,,strict
II_1449839,AELDDNEDVGPR,AEJDDNEDVGPR,Q9VSM2,1017,,,strict
II_1449839,AELDDNEDVGPR,AEJDDNEDVGPR,Q9VSM1,1544,,,strict
II_1425327,MDFYANNNPVHSASTVR,MDFYANNNPVHSASTVR,,,,,no_match
II_1471711,MLQENIDTLEK,MJQENJDTJEK,A1Z7H2,80,,,strict
II_1471711,MLQENIDTLEK,MJQENJDTJEK,Q8T3L1,78,,,strict
II_1471711,MLQENIDTLEK,MJQENJDTJEK,A1Z7H3,70,,,strict
II_1471711,MLQENIDTLEK,MJQENJDTJEK,A0A0B4KFE4,91,,,strict
IP_1397202,VIDDSDPPKSNTPESET,VJDDSDPPKSNTPESET,,,,,no_match
IP_5035085,SGASASACYHCGNLHILR,SGASASACYHCGNJHJJR,,,,,no_match
IP_1457498,DTSQVCLNSEDFK,DTSQVCJNSEDFK,,,,,no_match
Cont_P02533|K1C14_HUMAN,ASLENSLEETKGR,ASJENSJEETKGR,,,,,no_match
IP_5036756,LVDAHNSQIEINTK,JVDAHNSQJEJNTK,,,,,no_match
IP_5034103,LNSISSFSQEVKPVKK,JNSJSSFSQEVKPVKK,,,,,no_match
II_1434183,LVGDVDFEEVR,JVGDVDFEEVR,A0A0B4KFE5,253,,,strict
II_1434183,LVGDVDFEEVR,JVGDVDFEEVR,Q04448,259,,,strict
IP_5034844,SEEEDFDGSSNNNVQK,SEEEDFDGSSNNNVQK,,,,,no_match
II_1488188,KVDWLDGR,KVDWJDGR,Q8SZK9,68,,,strict
II_1434435,APKPSSECPALMYMQHER,APKPSSECPAJMYMQHER,,,,,no_match
II_1492665,TQVTCEYLFNQGSAVPK,TQVTCEYJFNQGSAVPK,P40320,192,,,strict
II_1492665,TQVTCEYLFNQGSAVPK,TQVTCEYJFNQGSAVPK,A4UZW2,192,,,strict
Cont_P17690|APOH_BOVIN,TDASDVKPC,TDASDVKPC,,,,,no_match
IP_1477238,LLNEAGIR,JJNEAGJR,Q9I7S8,71,,,strict
IP_1477238,LLNEAGIR,JJNEAGJR,F0JAN1,70,,,strict
Cont_E1BJK2|E1BJK2_BOVIN,IREEYPDR,JREEYPDR,P61857,154,,,strict
Cont_E1BJK2|E1BJK2_BOVIN,IREEYPDR,JREEYPDR,A0A0B4LGH1,159,,,strict
Cont_E1BJK2|E1BJK2_BOVIN,IREEYPDR,JREEYPDR,A1ZBL0,163,,,strict
Cont_E1BJK2|E1BJK2_BOVIN,IREEYPDR,JREEYPDR,P08841,160,,,strict
Cont_E1BJK2|E1BJK2_BOVIN,IREEYPDR,JREEYPDR,Q24560,154,,,strict
Cont_E1BJK2|E1BJK2_BOVIN,IREEYPDR,JREEYPDR,Q8MST5,154,,,strict
Cont_E1BJK2|E1BJK2_BOVIN,IREEYPDR,JREEYPDR,Q9VAX7,154,,,strict
